acc	R1	R2
SANRU	/proj/ideel/julianog/HTSF/210726_UNC41-A00434_0333_BHCV2GDRXY/SANRU_9_HC_ATTACTCG-CCTATCCT_S5_L001_R1_001.fastq.gz	/proj/ideel/julianog/HTSF/210726_UNC41-A00434_0333_BHCV2GDRXY/SANRU_9_HC_ATTACTCG-CCTATCCT_S5_L001_R2_001.fastq.gz
SANRU	/proj/ideel/julianog/HTSF/210726_UNC41-A00434_0333_BHCV2GDRXY/SANRU_9_HC_ATTACTCG-CCTATCCT_S5_L002_R1_001.fastq.gz	/proj/ideel/julianog/HTSF/210726_UNC41-A00434_0333_BHCV2GDRXY/SANRU_9_HC_ATTACTCG-CCTATCCT_S5_L002_R2_001.fastq.gz
MDP3254	/proj/ideel/julianog/HTSF/210413_UNC32-K00270_0279_AHKTGVBBXY/MDP3254_CGCTCATT-ATAGAGGC_S23_L003_R1_001.fastq.gz	/proj/ideel/julianog/HTSF/210413_UNC32-K00270_0279_AHKTGVBBXY/MDP3254_CGCTCATT-ATAGAGGC_S23_L003_R2_001.fastq.gz
MDP3261	/proj/ideel/julianog/HTSF/210413_UNC32-K00270_0279_AHKTGVBBXY/MDP3261_TCCGGAGA-AGGCGAAG_S24_L003_R1_001.fastq.gz	/proj/ideel/julianog/HTSF/210413_UNC32-K00270_0279_AHKTGVBBXY/MDP3261_TCCGGAGA-AGGCGAAG_S24_L003_R2_001.fastq.gz
MDP3286	/proj/ideel/julianog/HTSF/210413_UNC32-K00270_0279_AHKTGVBBXY/MDP3286_GAGATTCC-CCTATCCT_S25_L003_R1_001.fastq.gz	/proj/ideel/julianog/HTSF/210413_UNC32-K00270_0279_AHKTGVBBXY/MDP3286_GAGATTCC-CCTATCCT_S25_L003_R2_001.fastq.gz
MDP3364	/proj/ideel/julianog/HTSF/210413_UNC32-K00270_0279_AHKTGVBBXY/MDP3364_ATTACTCG-TAATCTTA_S26_L003_R1_001.fastq.gz	/proj/ideel/julianog/HTSF/210413_UNC32-K00270_0279_AHKTGVBBXY/MDP3364_ATTACTCG-TAATCTTA_S26_L003_R2_001.fastq.gz
MDP3366	/proj/ideel/julianog/HTSF/210413_UNC32-K00270_0279_AHKTGVBBXY/MDP3366_CGCTCATT-CCTATCCT_S27_L003_R1_001.fastq.gz	/proj/ideel/julianog/HTSF/210413_UNC32-K00270_0279_AHKTGVBBXY/MDP3366_CGCTCATT-CCTATCCT_S27_L003_R2_001.fastq.gz
MDP3487	/proj/ideel/julianog/HTSF/210413_UNC32-K00270_0279_AHKTGVBBXY/MDP3487_TCCGGAGA-CCTATCCT_S28_L003_R1_001.fastq.gz	/proj/ideel/julianog/HTSF/210413_UNC32-K00270_0279_AHKTGVBBXY/MDP3487_TCCGGAGA-CCTATCCT_S28_L003_R2_001.fastq.gz
MDP3488	/proj/ideel/julianog/HTSF/210413_UNC32-K00270_0279_AHKTGVBBXY/MDP3488_TCCGGAGA-GGCTCTGA_S29_L003_R1_001.fastq.gz	/proj/ideel/julianog/HTSF/210413_UNC32-K00270_0279_AHKTGVBBXY/MDP3488_TCCGGAGA-GGCTCTGA_S29_L003_R2_001.fastq.gz
MDP3577	/proj/ideel/julianog/HTSF/210413_UNC32-K00270_0279_AHKTGVBBXY/MDP3577_ATTACTCG-GGCTCTGA_S30_L003_R1_001.fastq.gz	/proj/ideel/julianog/HTSF/210413_UNC32-K00270_0279_AHKTGVBBXY/MDP3577_ATTACTCG-GGCTCTGA_S30_L003_R2_001.fastq.gz
MDP3798	/proj/ideel/julianog/HTSF/210413_UNC32-K00270_0279_AHKTGVBBXY/MDP3798_TCCGGAGA-ATAGAGGC_S31_L003_R1_001.fastq.gz	/proj/ideel/julianog/HTSF/210413_UNC32-K00270_0279_AHKTGVBBXY/MDP3798_TCCGGAGA-ATAGAGGC_S31_L003_R2_001.fastq.gz
MDP3863	/proj/ideel/julianog/HTSF/210413_UNC32-K00270_0279_AHKTGVBBXY/MDP3863_TCCGGAGA-TAATCTTA_S32_L003_R1_001.fastq.gz	/proj/ideel/julianog/HTSF/210413_UNC32-K00270_0279_AHKTGVBBXY/MDP3863_TCCGGAGA-TAATCTTA_S32_L003_R2_001.fastq.gz
MDP3963	/proj/ideel/julianog/HTSF/210413_UNC32-K00270_0279_AHKTGVBBXY/MDP3963_TCCGGAGA-TATAGCCT_S33_L003_R1_001.fastq.gz	/proj/ideel/julianog/HTSF/210413_UNC32-K00270_0279_AHKTGVBBXY/MDP3963_TCCGGAGA-TATAGCCT_S33_L003_R2_001.fastq.gz
MDP3991	/proj/ideel/julianog/HTSF/210413_UNC32-K00270_0279_AHKTGVBBXY/MDP3991_ATTACTCG-TATAGCCT_S34_L003_R1_001.fastq.gz	/proj/ideel/julianog/HTSF/210413_UNC32-K00270_0279_AHKTGVBBXY/MDP3991_ATTACTCG-TATAGCCT_S34_L003_R2_001.fastq.gz
MDP4184	/proj/ideel/julianog/HTSF/210413_UNC32-K00270_0279_AHKTGVBBXY/MDP4184_CGCTCATT-AGGCGAAG_S35_L003_R1_001.fastq.gz	/proj/ideel/julianog/HTSF/210413_UNC32-K00270_0279_AHKTGVBBXY/MDP4184_CGCTCATT-AGGCGAAG_S35_L003_R2_001.fastq.gz
MDP4234	/proj/ideel/julianog/HTSF/210413_UNC32-K00270_0279_AHKTGVBBXY/MDP4234_GAGATTCC-TAATCTTA_S36_L003_R1_001.fastq.gz	/proj/ideel/julianog/HTSF/210413_UNC32-K00270_0279_AHKTGVBBXY/MDP4234_GAGATTCC-TAATCTTA_S36_L003_R2_001.fastq.gz
MDP4260	/proj/ideel/julianog/HTSF/210413_UNC32-K00270_0279_AHKTGVBBXY/MDP4260_ATTACTCG-AGGCGAAG_S37_L003_R1_001.fastq.gz	/proj/ideel/julianog/HTSF/210413_UNC32-K00270_0279_AHKTGVBBXY/MDP4260_ATTACTCG-AGGCGAAG_S37_L003_R2_001.fastq.gz
MDP4278	/proj/ideel/julianog/HTSF/210413_UNC32-K00270_0279_AHKTGVBBXY/MDP4278_GAGATTCC-TATAGCCT_S38_L003_R1_001.fastq.gz	/proj/ideel/julianog/HTSF/210413_UNC32-K00270_0279_AHKTGVBBXY/MDP4278_GAGATTCC-TATAGCCT_S38_L003_R2_001.fastq.gz
MDP4295	/proj/ideel/julianog/HTSF/210413_UNC32-K00270_0279_AHKTGVBBXY/MDP4295_GAGATTCC-GGCTCTGA_S39_L003_R1_001.fastq.gz	/proj/ideel/julianog/HTSF/210413_UNC32-K00270_0279_AHKTGVBBXY/MDP4295_GAGATTCC-GGCTCTGA_S39_L003_R2_001.fastq.gz
MDP4345	/proj/ideel/julianog/HTSF/210413_UNC32-K00270_0279_AHKTGVBBXY/MDP4345_ATTCAGAA-ATAGAGGC_S40_L003_R1_001.fastq.gz	/proj/ideel/julianog/HTSF/210413_UNC32-K00270_0279_AHKTGVBBXY/MDP4345_ATTCAGAA-ATAGAGGC_S40_L003_R2_001.fastq.gz
MDP4706	/proj/ideel/julianog/HTSF/210413_UNC32-K00270_0279_AHKTGVBBXY/MDP4706_CGCTCATT-TAATCTTA_S41_L003_R1_001.fastq.gz	/proj/ideel/julianog/HTSF/210413_UNC32-K00270_0279_AHKTGVBBXY/MDP4706_CGCTCATT-TAATCTTA_S41_L003_R2_001.fastq.gz
MDP4784	/proj/ideel/julianog/HTSF/210413_UNC32-K00270_0279_AHKTGVBBXY/MDP4784_ATTACTCG-CCTATCCT_S42_L003_R1_001.fastq.gz	/proj/ideel/julianog/HTSF/210413_UNC32-K00270_0279_AHKTGVBBXY/MDP4784_ATTACTCG-CCTATCCT_S42_L003_R2_001.fastq.gz
MDP4824	/proj/ideel/julianog/HTSF/210413_UNC32-K00270_0279_AHKTGVBBXY/MDP4824_CGCTCATT-TATAGCCT_S43_L003_R1_001.fastq.gz	/proj/ideel/julianog/HTSF/210413_UNC32-K00270_0279_AHKTGVBBXY/MDP4824_CGCTCATT-TATAGCCT_S43_L003_R2_001.fastq.gz
MDP6046	/proj/ideel/julianog/HTSF/210413_UNC32-K00270_0279_AHKTGVBBXY/MDP6046_GAGATTCC-AGGCGAAG_S44_L003_R1_001.fastq.gz	/proj/ideel/julianog/HTSF/210413_UNC32-K00270_0279_AHKTGVBBXY/MDP6046_GAGATTCC-AGGCGAAG_S44_L003_R2_001.fastq.gz
MDP6047	/proj/ideel/julianog/HTSF/210413_UNC32-K00270_0279_AHKTGVBBXY/MDP6047_GAGATTCC-ATAGAGGC_S45_L003_R1_001.fastq.gz	/proj/ideel/julianog/HTSF/210413_UNC32-K00270_0279_AHKTGVBBXY/MDP6047_GAGATTCC-ATAGAGGC_S45_L003_R2_001.fastq.gz
MDP6054	/proj/ideel/julianog/HTSF/210413_UNC32-K00270_0279_AHKTGVBBXY/MDP6054_CGCTCATT-GGCTCTGA_S46_L003_R1_001.fastq.gz	/proj/ideel/julianog/HTSF/210413_UNC32-K00270_0279_AHKTGVBBXY/MDP6054_CGCTCATT-GGCTCTGA_S46_L003_R2_001.fastq.gz
